,Unnamed: 0,Batch ID,Leather type,OperatorID,scanned area,time,date,Year,week_no,month
0,0,6091.c0227,PEL.F20P.MACA81,paolo,0.5760000000000001,770,2019-07-01,2019,27,7
1,1,7627,PEL.L15.1816,x.pol.t22,56.64,4734,2020-09-26,2020,39,9
2,2,7627,PEL.L15.1816,x.pol.t23,25.76,1954,2020-09-26,2020,39,9
3,3,7388,PEL.L15.1812,x.pol.t22,82.72,7132,2020-09-26,2020,39,9
4,4,7593,PEL.L15.1806,x.pol.t23,39.15,2763,2020-09-28,2020,40,9
5,5,7590,PEL.L15.1810,vitogiorgio,97.26,6155,2020-09-25,2020,39,9
6,6,7453,PEL.L20.2540,x.pol.t22,83.33,7630,2020-09-25,2020,39,9
7,7,7244,PEL.L20.2530,vitogiorgio,50.67,4211,2020-09-25,2020,39,9
8,8,7523,PEL.L15.2615,vitogiorgio,65.16,6461,2020-09-25,2020,39,9
9,9,7582,PEL.F20P.MACA740,x.pol.t23,25.58,1924,2020-09-25,2020,39,9
10,10,7582C,CRO.S20P.MACA740,x.pol.t23,17.24,764,2020-09-25,2020,39,9
11,11,7185,PEL.L30.3064,x.pol.t23,15.9,1179,2020-09-25,2020,39,9
12,12,7619S.I.,PEL.F20P.MACA000,vitogiorgio,79.456,6625,2020-09-30,2020,40,9
13,13,7681S.I.,PEL.F20P.MACA80,giuseppe,78.685,5448,2020-10-01,2020,40,10
14,14,7681C,CRO.S20P.MACA80,x.pol.t22,40.2,841,2020-09-28,2020,40,9
15,15,7583,PEL.F30.VIM865,x.pol.t22,13.8,1184,2020-09-28,2020,40,9
16,16,7617,PEL.F10.GEN00/83,vitogiorgio,32.4,2188,2020-09-28,2020,40,9
17,17,7651,PEL.F30.CER747,vitogiorgio,53.05,3351,2020-09-28,2020,40,9
18,18,7651C,CRO.S30.CER747,vitogiorgio,30.65,692,2020-09-28,2020,40,9
19,19,7670,PEL.F30.CER910,x.pol.t23,14.8,877,2020-09-29,2020,40,9
20,20,7644,PEL.F30.CER910,vitogiorgio,89.95,6888,2020-09-28,2020,40,9
21,21,7644C,CRO.S30.CER910,vitogiorgio,51.3,3002,2020-09-28,2020,40,9
22,22,7626,PEL.F30.CER000,giuseppe,66.45,5874,2020-09-29,2020,40,9
23,23,7573C,CRO.S30.CER000,giuseppe,32.0,1357,2020-09-29,2020,40,9
24,24,7689,PEL.F10.GEN00/11,giuseppe,153.6,12284,2020-09-29,2020,40,9
25,25,7667S.I.,PEL.F20P.MACA745,giuseppe,62.3,5611,2020-09-29,2020,40,9
26,26,7667C,CRO.S20P.MACA745,giuseppe,36.0,1157,2020-09-29,2020,40,9
27,27,7562,PEL.F30.CER830,giuseppe,48.363,3369,2020-10-01,2020,40,10
28,28,7508C,CRO.S30.CER830,giuseppe,6.6,13,2020-09-29,2020,40,9
29,29,7562C,CRO.S30.CER830,giuseppe,21.25,843,2020-09-29,2020,40,9
30,30,7654S.I.,PEL.F20P.MACA11,giuseppe,88.585,5345,2020-10-01,2020,40,10
31,31,7654C,CRO.S20P.MACA11,giuseppe,64.85,2779,2020-09-29,2020,40,9
32,32,7673S.I.,PEL.F20P.MACA850,giuseppe,53.145,2827,2020-10-01,2020,40,10
33,33,7673C,CRO.S20P.MACA850,giuseppe,31.335,1853,2020-10-01,2020,40,10
34,34,7652,PEL.F30.CER880,giuseppe,55.763000000000005,4375,2020-10-01,2020,40,10
35,35,7652C,CRO.S30.CER880,giuseppe,28.25,805,2020-09-29,2020,40,9
36,36,7619S.I.,PEL.F20P.MACA000,x.pol.t21,49.05,4044,2020-09-29,2020,40,9
37,37,7619C,CRO.S20P.MACA000,giuseppe,33.35,931,2020-09-29,2020,40,9
38,38,7664S.I.,PEL.F20P.MACA330,giuseppe,34.9,2956,2020-09-29,2020,40,9
39,39,7664C,CRO.S20P.MACA330,giuseppe,25.3,872,2020-09-29,2020,40,9
40,40,7646,PEL.F30.CER745,giuseppe,68.5,4715,2020-09-29,2020,40,9
41,41,7646C,CRO.S30.CER745,giuseppe,39.65,1203,2020-09-29,2020,40,9
42,42,7692,PEL.F30.CER009,x.pol.t21,68.9,6825,2020-09-29,2020,40,9
43,43,7692C,CRO.S30.CER009,x.pol.t21,30.95,1110,2020-09-29,2020,40,9
44,44,7692,PEL.F30.CER009,x.pol.t08,69.2,6306,2020-09-29,2020,40,9
45,45,7695S.I.,PEL.F20P.MACA540,giuseppe,78.785,5840,2020-10-01,2020,40,10
46,46,7695C,CRO.S20P.MACA540,x.pol.t08,48.41,1991,2020-09-30,2020,40,9
47,47,7695S.I.,PEL.F20P.MACA540,x.pol.t23,83.65,6728,2020-09-30,2020,40,9
48,48,7695C,CRO.S20P.MACA540,x.pol.t23,55.05,1525,2020-09-30,2020,40,9
49,49,7624,PEL.F30.CER830,x.pol.t23,78.0,5874,2020-09-30,2020,40,9
50,50,7624C,CRO.S30.CER830,x.pol.t23,46.75,1796,2020-09-30,2020,40,9
51,51,7617,PEL.F10.GEN00/83,vitogiorgio,12.6,490,2020-09-30,2020,40,9
52,52,7502,PEL.F20P.MACA850,x.pol.t21,30.000999999999998,3025,2020-09-30,2020,40,9
53,53,7585,PEL.F20P.MACA83,x.pol.t08,6.6,359,2020-09-30,2020,40,9
54,54,7585C,CRO.S20P.MACA83,x.pol.t08,5.2,192,2020-09-30,2020,40,9
55,55,7414,PEL.F20P.MACA80,x.pol.t08,9.371,904,2020-09-30,2020,40,9
56,56,7414C,CRO.S20P.MACA80,x.pol.t23,6.215,261,2020-10-01,2020,40,10
57,57,7587,PEL.F20P.MACA000,giuseppe,30.049,2091,2020-10-01,2020,40,10
58,58,7563,PEL.F20P.MACA86,x.pol.t21,15.65,1055,2020-09-30,2020,40,9
59,59,7619S.I.,PEL.F20P.MACA000,vitogiorgio,9.4,500,2020-09-30,2020,40,9
60,60,7619C,CRO.S20P.MACA000,vitogiorgio,4.1,154,2020-09-30,2020,40,9
61,61,7679S.I.,PEL.F20P.MACA34,giuseppe,4.735,233,2020-10-01,2020,40,10
62,62,7679C,CRO.S20P.MACA34,vitogiorgio,3.7,252,2020-09-30,2020,40,9
63,63,7654S.I.,PEL.F20P.MACA11,vitogiorgio,26.65,1600,2020-09-30,2020,40,9
64,64,7654C,CRO.S20P.MACA11,vitogiorgio,20.4,674,2020-09-30,2020,40,9
65,65,7652,PEL.F30.CER880,vitogiorgio,19.35,1442,2020-09-30,2020,40,9
66,66,7652C,CRO.S30.CER880,vitogiorgio,9.85,260,2020-09-30,2020,40,9
67,67,7667S.I.,PEL.F20P.MACA745,giuseppe,17.735,1992,2020-10-01,2020,40,10
68,68,7667C,CRO.S20P.MACA745,vitogiorgio,9.85,185,2020-09-30,2020,40,9
69,69,7655,PEL.F10.GEN00/11,vitogiorgio,23.45,1614,2020-09-30,2020,40,9
70,70,7689,PEL.F10.GEN00/11,giuseppe,151.45,16461,2020-10-01,2020,40,10
71,71,7681S.I.,PEL.F20P.MACA80,vitogiorgio,35.45,2630,2020-09-30,2020,40,9
72,72,7681S.I.,PEL.F20P.MACA80,vitogiorgio,35.5,2481,2020-09-30,2020,40,9
73,73,7681S.I.,PEL.F20P.MACA80,vitogiorgio,35.45,3427,2020-09-30,2020,40,9
74,74,7681C,CRO.S20P.MACA80,vitogiorgio,19.0,1308,2020-09-30,2020,40,9
75,75,7681C,CRO.S20P.MACA80,vitogiorgio,27.98,2476,2020-09-30,2020,40,9
76,76,7681C,CRO.S20P.MACA80,vitogiorgio,23.43,917,2020-09-30,2020,40,9
77,77,7689,PEL.F10.GEN00/11,vitogiorgio,166.4,15795,2020-09-30,2020,40,9
78,78,7688S.I.,PEL.F20P.MACA880,giuseppe,37.8,2420,2020-10-01,2020,40,10
79,79,7688S.I.,PEL.F20P.MACA880,giuseppe,38.135,3468,2020-10-01,2020,40,10
80,80,7688C,CRO.S20P.MACA880,x.pol.t23,22.35,1003,2020-09-30,2020,40,9
81,81,7688C,CRO.S20P.MACA880,x.pol.t23,16.9,815,2020-09-30,2020,40,9
82,82,7623S.I.,PEL.F20P.MACA83,vitogiorgio,57.2,3792,2020-09-30,2020,40,9
83,83,7623S.I.,PEL.F20P.MACA83,vitogiorgio,57.15,3371,2020-09-30,2020,40,9
84,84,7623C,CRO.S20P.MACA83,vitogiorgio,29.78,811,2020-09-30,2020,40,9
85,85,7623C,CRO.S20P.MACA83,vitogiorgio,42.65,1236,2020-09-30,2020,40,9
86,86,7625S.I.,PEL.F20P.MACA007,giuseppe,59.15,6386,2020-10-01,2020,40,10
87,87,7625S.I.,PEL.F20P.MACA007,giuseppe,60.385,5239,2020-10-01,2020,40,10
88,88,7625C,CRO.S20P.MACA007,vitogiorgio,33.15,1044,2020-09-30,2020,40,9
89,89,7625C,CRO.S20P.MACA007,vitogiorgio,34.25,1019,2020-09-30,2020,40,9
90,90,7656S.I.,PEL.F20P.MACA013,giuseppe,74.447,8425,2020-10-02,2020,40,10
91,91,7656C,CRO.S20P.MACA013,vitogiorgio,54.03,1703,2020-09-30,2020,40,9
92,92,7647,PEL.F30.CER850,vitogiorgio,16.713,1084,2020-09-30,2020,40,9
93,93,7431C,CRO.S30.CER850,vitogiorgio,10.65,468,2020-09-30,2020,40,9
94,94,7653S.I.,PEL.F20P.MACA81,vitogiorgio,67.735,5314,2020-09-30,2020,40,9
95,95,7653C,CRO.S20P.MACA81,vitogiorgio,41.03,1896,2020-09-30,2020,40,9
96,96,7604S.I.,PEL.F20P.MACA86,giuseppe,55.2,4615,2020-10-01,2020,40,10
97,97,7604S.I.,PEL.F20P.MACA86,giuseppe,54.95,3747,2020-10-01,2020,40,10
98,98,7604C,CRO.S20P.MACA86,giuseppe,42.8,1909,2020-10-01,2020,40,10
99,99,7604C,CRO.S20P.MACA86,giuseppe,36.25,1820,2020-10-01,2020,40,10
100,100,7654S.I.,PEL.F20P.MACA11,giuseppe,75.35,4905,2020-10-01,2020,40,10
101,101,7654S.I.,PEL.F20P.MACA11,giuseppe,75.3,4246,2020-10-01,2020,40,10
102,102,7654S.I.,PEL.F20P.MACA11,giuseppe,75.55,5223,2020-10-01,2020,40,10
103,103,7654C,CRO.S20P.MACA11,giuseppe,45.2,1745,2020-10-01,2020,40,10
104,104,7654C,CRO.S20P.MACA11,giuseppe,25.5,1005,2020-10-01,2020,40,10
105,105,7654C,CRO.S20P.MACA11,giuseppe,44.65,1240,2020-10-01,2020,40,10
106,106,7654S.I.,PEL.F20P.MACA11,giuseppe,0.12,0,2020-10-01,2020,40,10
107,107,7655,PEL.F10.GEN00/11,giuseppe,1.141,182,2020-10-01,2020,40,10
108,108,7580,PEL.F20P.MACA01,giuseppe,0.685,0,2020-10-01,2020,40,10
109,109,7387,PEL.L20.2804,giuseppe,0.6920000000000001,789,2020-10-01,2020,40,10
110,110,7545S.I.,PEL.F20P.MACA013,giuseppe,2.95,0,2020-10-01,2020,40,10
111,111,7679S.I.,PEL.F20P.MACA34,giuseppe,39.85,2575,2020-10-01,2020,40,10
112,112,7679C,CRO.S20P.MACA34,giuseppe,34.4,810,2020-10-01,2020,40,10
113,113,7656S.I.,PEL.F20P.MACA013,giuseppe,55.45,7861,2020-10-01,2020,40,10
114,114,7656C,CRO.S20P.MACA013,giuseppe,41.05,1189,2020-10-01,2020,40,10
115,115,7673S.I.,PEL.F20P.MACA850,giuseppe,87.796,4924,2020-10-02,2020,40,10
116,116,7673C,CRO.S20P.MACA850,giuseppe,51.33,1995,2020-10-01,2020,40,10
117,117,7653S.I.,PEL.F20P.MACA81,giuseppe,57.5,5405,2020-10-01,2020,40,10
118,118,7653C,CRO.S20P.MACA81,giuseppe,37.43,2017,2020-10-01,2020,40,10
119,119,7652,PEL.F30.CER880,giuseppe,55.95,5880,2020-10-01,2020,40,10
120,120,7652C,CRO.S30.CER880,giuseppe,22.95,863,2020-10-01,2020,40,10
121,121,7652,PEL.F30.CER880,giuseppe,73.75,6108,2020-10-01,2020,40,10
122,122,7652C,CRO.S30.CER880,giuseppe,37.0,2112,2020-10-01,2020,40,10
123,123,7602S.I.,PEL.F20P.MACA013,giuseppe,87.75,5565,2020-10-01,2020,40,10
124,124,7602S.I.,PEL.F20P.MACA013,giuseppe,87.89,6585,2020-10-01,2020,40,10
125,125,7698S.I.,PEL.F20P.MACA000,x.pol.t08,2.557,294,2020-10-01,2020,40,10
126,126,7701,PEL.F30.CER000,nicolagaletta,2.8819999999999997,302,2020-10-01,2020,40,10
127,127,7643S.I.,PEL.F20P.MACA880,giuseppe,30.05,5644,2020-10-01,2020,40,10
128,128,7667S.I.,PEL.F20P.MACA745,giuseppe,67.15,5482,2020-10-01,2020,40,10
129,129,7667C,CRO.S20P.MACA745,giuseppe,30.35,1036,2020-10-01,2020,40,10
130,130,7667S.I.,PEL.F20P.MACA745,giuseppe,86.38,8778,2020-10-01,2020,40,10
131,131,7667C,CRO.S20P.MACA745,giuseppe,41.3,1132,2020-10-01,2020,40,10
132,132,7573,PEL.F30.CER000,giuseppe,0.35600000000000004,0,2020-10-01,2020,40,10
133,133,7681S.I.,PEL.F20P.MACA80,giuseppe,101.25,7436,2020-10-01,2020,40,10
134,134,7681C,CRO.S20P.MACA80,giuseppe,49.83,2968,2020-10-01,2020,40,10
135,135,7619S.I.,PEL.F20P.MACA000,giuseppe,21.47,1824,2020-10-02,2020,40,10
136,136,7619C,CRO.S20P.MACA000,giuseppe,10.9,212,2020-10-01,2020,40,10
137,137,7582,PEL.F20P.MACA740,giuseppe,0.607,0,2020-10-02,2020,40,10
138,138,7582C,CRO.S20P.MACA740,giuseppe,0.429,0,2020-10-02,2020,40,10
139,139,7688S.I.,PEL.F20P.MACA880,giuseppe,0.439,0,2020-10-02,2020,40,10
140,140,7638S.I.,PEL.F20P.MACA86,x.pol.t23,87.16,5950,2020-10-02,2020,40,10
141,141,7585,PEL.F20P.MACA83,x.pol.t23,17.55,1290,2020-10-02,2020,40,10
142,142,7585C,CRO.S20P.MACA83,x.pol.t23,9.3,397,2020-10-02,2020,40,10
143,143,7673C,CRO.S20P.MACA850,giuseppe,0.27399999999999997,0,2020-10-02,2020,40,10
144,144,2049C,CRO.S20P.MACA540,giuseppe,0.74,0,2020-10-02,2020,40,10
145,145,7655,PEL.F10.GEN00/11,giuseppe,38.4,2101,2020-10-02,2020,40,10
146,146,7654S.I.,PEL.F20P.MACA11,giuseppe,31.8,1825,2020-10-02,2020,40,10
147,147,7654C,CRO.S20P.MACA11,giuseppe,23.85,787,2020-10-02,2020,40,10
148,148,7643S.I.,PEL.F20P.MACA880,x.pol.t23,5.393,1569,2020-10-02,2020,40,10
149,149,7635,PEL.F20P.MACA745,giuseppe,1.321,0,2020-10-02,2020,40,10
150,150,7673S.I.,PEL.F20P.MACA850,giuseppe,94.45,6367,2020-10-02,2020,40,10
151,151,7673C,CRO.S20P.MACA850,giuseppe,53.55,2087,2020-10-02,2020,40,10
152,152,7688S.I.,PEL.F20P.MACA880,giuseppe,75.75,4638,2020-10-02,2020,40,10
153,153,7688S.I.,PEL.F20P.MACA880,giuseppe,76.02,5382,2020-10-02,2020,40,10
154,154,7688C,CRO.S20P.MACA880,giuseppe,36.0,1667,2020-10-02,2020,40,10
155,155,7688C,CRO.S20P.MACA880,giuseppe,24.98,1384,2020-10-02,2020,40,10
156,156,7692,PEL.F30.CER009,giuseppe,12.488,1180,2020-10-02,2020,40,10
157,157,7595C,CRO.S30.CER009,giuseppe,0.573,0,2020-10-02,2020,40,10
158,158,7625S.I.,PEL.F20P.MACA007,giuseppe,0.011000000000000001,0,2020-10-02,2020,40,10
159,159,7623C,CRO.S20P.MACA83,giuseppe,0.22,0,2020-10-02,2020,40,10
160,160,7652C,CRO.S30.CER880,giuseppe,0.024,0,2020-10-02,2020,40,10
161,161,7698S.I.,PEL.F20P.MACA000,x.pol.t08,81.1,7727,2020-10-02,2020,40,10
162,162,7698C,CRO.S20P.MACA000,nicolagaletta,40.58,1372,2020-10-02,2020,40,10
163,163,7539,PEL.F20P.MACA540,giuseppe,0.214,0,2020-10-02,2020,40,10
164,164,7603,PEL.F10.GEN00/11,giuseppe,3.904,254,2020-10-02,2020,40,10
165,165,7633,PEL.F10.GEN00/11,giuseppe,3.8310000000000004,359,2020-10-02,2020,40,10
166,166,7497,PEL.F10.GEN00/11,giuseppe,2.39,388,2020-10-02,2020,40,10
167,167,7677,PEL.F10P.GEN00/80,giuseppe,0.203,0,2020-10-02,2020,40,10
168,168,7688S.I.,PEL.F20P.MACA880,giuseppe,0.721,0,2020-10-02,2020,40,10
169,169,7678S.I.,PEL.F20P.MACA11,x.pol.t21,4.2,382,2020-10-02,2020,40,10
170,170,7678C,CRO.S20P.MACA11,x.pol.t21,4.0,171,2020-10-02,2020,40,10
171,171,7639S.I.,PEL.F20P.MACA83,x.pol.t22,94.552,8424,2020-10-05,2020,41,10
172,172,7702,PEL.F10.GEN00/11,x.pol.t22,89.6,7521,2020-10-02,2020,40,10
173,173,7531,PEL.L15.1804,x.pol.t23,72.3,6379,2020-10-03,2020,40,10
174,174,7686,PEL.L20.2540,giuseppe,68.88,7121,2020-10-02,2020,40,10
175,175,7686,PEL.L20.2540,giuseppe,101.11,10425,2020-10-06,2020,41,10
176,176,7283,PEL.L15.1814,giuseppe,20.15,1526,2020-10-02,2020,40,10
177,177,7547,PEL.L15.2601,x.pol.t23,71.88,5548,2020-10-02,2020,40,10
178,178,7547,PEL.L15.2601,x.pol.t23,104.4,8677,2020-10-03,2020,40,10
179,179,7390,PEL.L15.1814,giuseppe,118.36,10579,2020-10-02,2020,40,10
180,180,7390,PEL.L15.1814,vitogiorgio,109.25,10727,2020-10-08,2020,41,10
181,181,7463,PEL.L15.2602,x.pol.t21,136.57,12397,2020-10-02,2020,40,10
182,182,7334,PEL.L15.1814,giuseppe,37.02,2934,2020-10-02,2020,40,10
183,183,7524,PEL.L15.2616,x.pol.t08,103.01,8305,2020-10-03,2020,40,10
184,184,7524,PEL.L15.2616,x.pol.t08,130.9,8065,2020-10-02,2020,40,10
185,185,7626,PEL.F30.CER000,giuseppe,0.991,0,2020-10-02,2020,40,10
186,186,7573C,CRO.S30.CER000,giuseppe,0.365,0,2020-10-02,2020,40,10
187,187,7524,PEL.L15.2616,vitogiorgio,0.53,0,2020-10-03,2020,40,10
188,188,7334,PEL.L15.1814,vitogiorgio,0.647,0,2020-10-03,2020,40,10
189,189,7664S.I.,PEL.F20P.MACA330,vitogiorgio,0.17600000000000002,0,2020-10-03,2020,40,10
190,190,7611,PEL.L15.2616,x.pol.t21,99.05,9612,2020-10-03,2020,40,10
191,191,7612,PEL.L15.2602,x.pol.t21,35.18,3072,2020-10-05,2020,41,10
192,192,7462,PEL.L15.2609,x.pol.t21,52.31,3505,2020-10-03,2020,40,10
193,193,7695S.I.,PEL.F20P.MACA540,vitogiorgio,90.4,6700,2020-10-03,2020,40,10
194,194,7695S.I.,PEL.F20P.MACA540,vitogiorgio,90.45,7211,2020-10-03,2020,40,10
195,195,7695S.I.,PEL.F20P.MACA540,vitogiorgio,89.9,12345,2020-10-03,2020,40,10
196,196,7695S.I.,PEL.F20P.MACA540,vitogiorgio,90.5,6752,2020-10-03,2020,40,10
197,197,7695C,CRO.S20P.MACA540,vitogiorgio,64.0,3084,2020-10-03,2020,40,10
198,198,7695C,CRO.S20P.MACA540,vitogiorgio,54.48,2347,2020-10-03,2020,40,10
199,199,7695C,CRO.S20P.MACA540,vitogiorgio,57.63,2452,2020-10-03,2020,40,10
200,200,7695C,CRO.S20P.MACA540,vitogiorgio,54.55,2069,2020-10-03,2020,40,10
201,201,7418,PEL.F20P.MACA34,vitogiorgio,7.2,1113,2020-10-03,2020,40,10
202,202,7583,PEL.F30.VIM865,giuseppe,48.293,4018,2020-10-05,2020,41,10
203,203,7654S.I.,PEL.F20P.MACA11,vitogiorgio,74.49,4821,2020-10-03,2020,40,10
204,204,7654S.I.,PEL.F20P.MACA11,vitogiorgio,74.5,4322,2020-10-03,2020,40,10
205,205,7654C,CRO.S20P.MACA11,vitogiorgio,43.24,3189,2020-10-03,2020,40,10
206,206,7654C,CRO.S20P.MACA11,vitogiorgio,47.5,1855,2020-10-03,2020,40,10
207,207,7530,PEL.L15.2605,x.pol.t21,31.6,2693,2020-10-05,2020,41,10
208,208,7602S.I.,PEL.F20P.MACA013,nicolagaletta,0.263,55,2020-10-05,2020,41,10
209,209,7585,PEL.F20P.MACA83,x.pol.t21,0.43700000000000006,258,2020-10-05,2020,41,10
210,210,7585C,CRO.S20P.MACA83,giuseppe,1.338,80,2020-10-05,2020,41,10
211,211,7703,PEL.F30.VIM800,x.pol.t08,133.6,13282,2020-10-05,2020,41,10
212,212,7617,PEL.F10.GEN00/83,giuseppe,118.8,5515,2020-10-05,2020,41,10
213,213,7562,PEL.F30.CER830,giuseppe,4.2,0,2020-10-05,2020,41,10
214,214,7562C,CRO.S30.CER830,giuseppe,4.0,132,2020-10-05,2020,41,10
215,215,7644,PEL.F30.CER910,giuseppe,44.763000000000005,2691,2020-10-05,2020,41,10
216,216,7644C,CRO.S30.CER910,giuseppe,22.83,892,2020-10-05,2020,41,10
217,217,7654S.I.,PEL.F20P.MACA11,giuseppe,57.95,4027,2020-10-05,2020,41,10
218,218,7654S.I.,PEL.F20P.MACA11,giuseppe,58.11,3576,2020-10-05,2020,41,10
219,219,7654S.I.,PEL.F20P.MACA11,giuseppe,58.2,3508,2020-10-05,2020,41,10
220,220,7678C,CRO.S20P.MACA11,giuseppe,39.3,1610,2020-10-05,2020,41,10
221,221,7678C,CRO.S20P.MACA11,giuseppe,27.3,1341,2020-10-05,2020,41,10
222,222,7678C,CRO.S20P.MACA11,giuseppe,36.18,967,2020-10-05,2020,41,10
223,223,7646,PEL.F30.CER745,giuseppe,23.913,1270,2020-10-05,2020,41,10
224,224,7646C,CRO.S30.CER745,giuseppe,14.3,339,2020-10-05,2020,41,10
225,225,7651,PEL.F30.CER747,giuseppe,57.913000000000004,4901,2020-10-05,2020,41,10
226,226,7651C,CRO.S30.CER747,giuseppe,27.9,707,2020-10-05,2020,41,10
227,227,7547,PEL.L15.2601,giuseppe,0.742,390,2020-10-05,2020,41,10
228,228,7499,PEL.F20P.MACA330,giuseppe,0.579,0,2020-10-05,2020,41,10
229,229,7656S.I.,PEL.F20P.MACA013,giuseppe,0.377,0,2020-10-05,2020,41,10
230,230,7656C,CRO.S20P.MACA013,giuseppe,0.168,101,2020-10-05,2020,41,10
231,231,7524,PEL.L15.2616,giuseppe,0.2,0,2020-10-05,2020,41,10
232,232,7693,PEL.F30.VIM020,x.pol.t08,52.7,4796,2020-10-05,2020,41,10
233,233,7658S.I.,PEL.F20P.MACA540,giuseppe,0.293,22,2020-10-05,2020,41,10
234,234,7667C,CRO.S20P.MACA745,giuseppe,0.389,0,2020-10-05,2020,41,10
235,235,7673C,CRO.S20P.MACA850,giuseppe,0.039,0,2020-10-05,2020,41,10
236,236,7682S.I. PROVA1,PEL.F20P.MACA80,giuseppe,0.787,0,2020-10-05,2020,41,10
237,237,7449,PEL.F30.VIM710,x.pol.t08,1.944,225,2020-10-05,2020,41,10
238,238,7626,PEL.F30.CER000,giuseppe,36.4,2979,2020-10-05,2020,41,10
239,239,7573C,CRO.S30.CER000,giuseppe,18.8,506,2020-10-05,2020,41,10
240,240,7664S.I.,PEL.F20P.MACA330,giuseppe,58.0,5273,2020-10-05,2020,41,10
241,241,7664C,CRO.S20P.MACA330,giuseppe,43.85,1701,2020-10-05,2020,41,10
242,242,7673S.I.,PEL.F20P.MACA850,giuseppe,0.502,0,2020-10-06,2020,41,10
243,243,7652,PEL.F30.CER880,giuseppe,1.032,0,2020-10-06,2020,41,10
244,244,7652,PEL.F30.CER880,giuseppe,65.85,7851,2020-10-06,2020,41,10
245,245,7652,PEL.F30.CER880,giuseppe,65.95,6676,2020-10-06,2020,41,10
246,246,7652C,CRO.S30.CER880,vitogiorgio,37.85,1290,2020-10-07,2020,41,10
247,247,7652C,CRO.S30.CER880,vitogiorgio,37.95,1514,2020-10-07,2020,41,10
248,248,7698S.I.,PEL.F20P.MACA000,vitogiorgio,75.85,4141,2020-10-07,2020,41,10
249,249,7698S.I.,PEL.F20P.MACA000,vitogiorgio,76.816,4532,2020-10-07,2020,41,10
250,250,7698C,CRO.S20P.MACA000,vitogiorgio,35.4,1088,2020-10-07,2020,41,10
251,251,7698C,CRO.S20P.MACA000,vitogiorgio,34.535,628,2020-10-07,2020,41,10
252,252,7591,PEL.F30.VIM800,giuseppe,0.14400000000000002,0,2020-10-06,2020,41,10
253,253,7652C,CRO.S30.CER880,giuseppe,0.12,130,2020-10-06,2020,41,10
254,254,7663S.I.,PEL.F20P.MACA001,vitogiorgio,69.285,5701,2020-10-07,2020,41,10
255,255,7663S.I.,PEL.F20P.MACA001,nicolagaletta,68.05,6376,2020-10-09,2020,41,10
256,256,7663C,CRO.S20P.MACA001,giuseppe,46.8,1804,2020-10-06,2020,41,10
257,257,7663C,CRO.S20P.MACA001,giuseppe,43.93,1502,2020-10-06,2020,41,10
258,258,7625S.I.,PEL.F20P.MACA007,giuseppe,70.9,5315,2020-10-06,2020,41,10
259,259,7625S.I.,PEL.F20P.MACA007,giuseppe,71.1,4697,2020-10-06,2020,41,10
260,260,7625S.I.,PEL.F20P.MACA007,giuseppe,71.0,7276,2020-10-06,2020,41,10
261,261,7625C,CRO.S20P.MACA007,giuseppe,48.1,1473,2020-10-06,2020,41,10
262,262,7625C,CRO.S20P.MACA007,giuseppe,49.78,1445,2020-10-06,2020,41,10
263,263,7625C,CRO.S20P.MACA007,giuseppe,48.95,1185,2020-10-06,2020,41,10
264,264,7604S.I.,PEL.F20P.MACA86,giuseppe,0.08,0,2020-10-06,2020,41,10
265,265,7634S.I.,PEL.F20P.MACA745,giuseppe,1.6,0,2020-10-06,2020,41,10
266,266,7570C,CRO.S20P.MACA745,giuseppe,1.25,0,2020-10-06,2020,41,10
267,267,7667S.I.,PEL.F20P.MACA745,giuseppe,63.15,6689,2020-10-06,2020,41,10
268,268,7667S.I.,PEL.F20P.MACA745,giuseppe,62.8,6686,2020-10-06,2020,41,10
269,269,7667S.I.,PEL.F20P.MACA745,giuseppe,62.8,5826,2020-10-06,2020,41,10
270,270,7667S.I.,PEL.F20P.MACA745,giuseppe,63.32,5894,2020-10-06,2020,41,10
271,271,7667C,CRO.S20P.MACA745,giuseppe,41.15,1365,2020-10-06,2020,41,10
272,272,7667C,CRO.S20P.MACA745,giuseppe,42.25,1691,2020-10-06,2020,41,10
273,273,7667C,CRO.S20P.MACA745,giuseppe,39.76,1298,2020-10-06,2020,41,10
274,274,7667C,CRO.S20P.MACA745,giuseppe,42.69,1188,2020-10-06,2020,41,10
275,275,7591,PEL.F30.VIM800,giuseppe,0.145,0,2020-10-06,2020,41,10
276,276,7591,PEL.F30.VIM800,giuseppe,0.145,0,2020-10-06,2020,41,10
277,277,7552,PEL.F20P.MACA81,x.pol.t08,11.8,1783,2020-10-06,2020,41,10
278,278,7356,PEL.F20P.MACA11,x.pol.t08,14.8,1085,2020-10-06,2020,41,10
279,279,2038C,CRO.S20P.MACA11,x.pol.t08,11.05,391,2020-10-06,2020,41,10
280,280,7698S.I.,PEL.F20P.MACA000,giuseppe,6.689,939,2020-10-06,2020,41,10
281,281,7680S.I.,PEL.F20P.MACA755,giuseppe,66.25,6022,2020-10-06,2020,41,10
282,282,7680S.I.,PEL.F20P.MACA755,giuseppe,66.05,3476,2020-10-06,2020,41,10
283,283,7680C,CRO.S20P.MACA755,giuseppe,46.7,1635,2020-10-06,2020,41,10
284,284,7680C,CRO.S20P.MACA755,giuseppe,35.95,2138,2020-10-06,2020,41,10
285,285,7691,PEL.F30.CER880,x.pol.t08,55.8,3804,2020-10-06,2020,41,10
286,286,7691C,CRO.S30.CER880,x.pol.t08,30.9,1840,2020-10-06,2020,41,10
287,287,7691,PEL.F30.CER880,x.pol.t08,62.55,4037,2020-10-06,2020,41,10
288,288,7652,PEL.F30.CER880,giuseppe,0.433,0,2020-10-06,2020,41,10
289,289,7652C,CRO.S30.CER880,giuseppe,0.345,270,2020-10-06,2020,41,10
290,290,7547,PEL.L15.2601,giuseppe,0.32799999999999996,0,2020-10-06,2020,41,10
291,291,7580,PEL.F20P.MACA01,giuseppe,0.604,0,2020-10-06,2020,41,10
292,292,7580,PEL.F20P.MACA01,giuseppe,7.0,987,2020-10-06,2020,41,10
293,293,7580C,CRO.S20P.MACA01,giuseppe,5.2,309,2020-10-06,2020,41,10
294,294,7688S.I.,PEL.F20P.MACA880,giuseppe,1.554,255,2020-10-06,2020,41,10
295,295,7562C,CRO.S30.CER830,giuseppe,0.111,132,2020-10-06,2020,41,10
296,296,7655,PEL.F10.GEN00/11,vitogiorgio,0.039,0,2020-10-06,2020,41,10
297,297,7529,PEL.L15.2618,vitogiorgio,118.37,9082,2020-10-07,2020,41,10
298,298,7529,PEL.L15.2618,vitogiorgio,74.51,5743,2020-10-07,2020,41,10
299,299,7529,PEL.L15.2618,vitogiorgio,115.5,9400,2020-10-07,2020,41,10
300,300,7547,PEL.L15.2601,vitogiorgio,0.16699999999999998,0,2020-10-07,2020,41,10
301,301,7530,PEL.L15.2605,vitogiorgio,0.735,435,2020-10-07,2020,41,10
302,302,7667S.I.,PEL.F20P.MACA745,vitogiorgio,0.613,319,2020-10-07,2020,41,10
303,303,7673S.I.,PEL.F20P.MACA850,vitogiorgio,2.101,344,2020-10-07,2020,41,10
304,304,7619C,CRO.S20P.MACA000,vitogiorgio,0.371,8,2020-10-07,2020,41,10
305,305,7681C,CRO.S20P.MACA80,vitogiorgio,0.08900000000000001,0,2020-10-07,2020,41,10
306,306,7644,PEL.F30.CER910,vitogiorgio,0.46299999999999997,289,2020-10-07,2020,41,10
307,307,7688S.I.,PEL.F20P.MACA880,vitogiorgio,59.88,5776,2020-10-07,2020,41,10
308,308,7688S.I.,PEL.F20P.MACA880,vitogiorgio,60.19,3492,2020-10-07,2020,41,10
309,309,7688C,CRO.S20P.MACA880,vitogiorgio,15.9,797,2020-10-07,2020,41,10
310,310,7688C,CRO.S20P.MACA880,vitogiorgio,24.35,950,2020-10-07,2020,41,10
311,311,7679S.I.,PEL.F20P.MACA34,vitogiorgio,60.6,4386,2020-10-07,2020,41,10
312,312,7679S.I.,PEL.F20P.MACA34,vitogiorgio,60.6,3374,2020-10-07,2020,41,10
313,313,7679C,CRO.S20P.MACA34,vitogiorgio,42.75,2111,2020-10-07,2020,41,10
314,314,7679C,CRO.S20P.MACA34,vitogiorgio,45.23,1332,2020-10-07,2020,41,10
315,315,7679S.I.,PEL.F20P.MACA34,vitogiorgio,41.3,3214,2020-10-07,2020,41,10
316,316,7679S.I.,PEL.F20P.MACA34,vitogiorgio,41.6,3461,2020-10-07,2020,41,10
317,317,7679C,CRO.S20P.MACA34,vitogiorgio,32.6,2626,2020-10-07,2020,41,10
318,318,7679C,CRO.S20P.MACA34,vitogiorgio,32.0,1578,2020-10-07,2020,41,10
319,319,7454,PEL.L20.2534,vitogiorgio,1.136,0,2020-10-07,2020,41,10
320,320,7313,PEL.F20P.MACA01,vitogiorgio,2.162,404,2020-10-07,2020,41,10
321,321,7619S.I.,PEL.F20P.MACA000,vitogiorgio,0.316,0,2020-10-07,2020,41,10
322,322,7520,PEL.F20P.MACA880,vitogiorgio,1.3259999999999998,0,2020-10-07,2020,41,10
323,323,7625S.I.,PEL.F20P.MACA007,vitogiorgio,0.087,47,2020-10-07,2020,41,10
324,324,7688C,CRO.S20P.MACA880,vitogiorgio,0.166,189,2020-10-07,2020,41,10
325,325,7692,PEL.F30.CER009,vitogiorgio,62.75,5593,2020-10-07,2020,41,10
326,326,7692C,CRO.S30.CER009,vitogiorgio,43.25,912,2020-10-07,2020,41,10
327,327,7673S.I.,PEL.F20P.MACA850,vitogiorgio,61.25,4976,2020-10-07,2020,41,10
328,328,7673C,CRO.S20P.MACA850,vitogiorgio,35.63,1528,2020-10-07,2020,41,10
329,329,7642,PEL.F10P.GEN00/007,vitogiorgio,0.225,0,2020-10-07,2020,41,10
330,330,7654C,CRO.S20P.MACA11,vitogiorgio,0.135,0,2020-10-07,2020,41,10
331,331,7656S.I.,PEL.F20P.MACA013,vitogiorgio,0.521,0,2020-10-07,2020,41,10
332,332,7667S.I.,PEL.F20P.MACA745,vitogiorgio,0.015,0,2020-10-07,2020,41,10
333,333,7692,PEL.F30.CER009,vitogiorgio,0.028999999999999998,0,2020-10-07,2020,41,10
334,334,7459,PEL.F20P.MACA007,vitogiorgio,0.6970000000000001,0,2020-10-07,2020,41,10
335,335,7385C,CRO.S20P.MACA007,vitogiorgio,1.319,0,2020-10-07,2020,41,10
336,336,7664S.I.,PEL.F20P.MACA330,vitogiorgio,0.23600000000000002,291,2020-10-07,2020,41,10
337,337,7494,PEL.F20P.MACA86,vitogiorgio,0.8420000000000001,0,2020-10-07,2020,41,10
338,338,7539,PEL.F20P.MACA540,x.pol.t08,9.7,899,2020-10-07,2020,41,10
339,339,2049C,CRO.S20P.MACA540,x.pol.t08,4.8,208,2020-10-07,2020,41,10
340,340,7592,PEL.L20.2534,x.pol.t21,66.51,7605,2020-10-07,2020,41,10
341,341,7592,PEL.L20.2534,x.pol.t08,78.3,7488,2020-10-07,2020,41,10
342,342,7547,PEL.L15.2601,vitogiorgio,2.682,0,2020-10-07,2020,41,10
343,343,7389,PEL.L20.2532,x.pol.t22,34.4,2980,2020-10-08,2020,41,10
344,344,7521,PEL.L20.2536,x.pol.t22,79.14,6081,2020-10-08,2020,41,10
345,345,7549,PEL.L20.2538,vitogiorgio,136.29,11613,2020-10-07,2020,41,10
346,346,7680S.I.,PEL.F20P.MACA755,vitogiorgio,1.5590000000000002,360,2020-10-08,2020,41,10
347,347,7462,PEL.L15.2609,vitogiorgio,0.182,0,2020-10-08,2020,41,10
348,348,7611,PEL.L15.2616,vitogiorgio,1.0759999999999998,505,2020-10-08,2020,41,10
349,349,7627,PEL.L15.1816,vitogiorgio,0.316,0,2020-10-08,2020,41,10
350,350,7668,PEL.F10P.GEN00/80,vitogiorgio,3.2,0,2020-10-08,2020,41,10
351,351,2016C,CRO.S10P.GEN00/80,vitogiorgio,1.7,0,2020-10-08,2020,41,10
352,352,7619S.I.,PEL.F20P.MACA000,vitogiorgio,1.9,0,2020-10-08,2020,41,10
353,353,7321,PEL.F20P.MACA81,vitogiorgio,0.9420000000000001,336,2020-10-08,2020,41,10
354,354,7619C,CRO.S20P.MACA000,vitogiorgio,0.47700000000000004,0,2020-10-08,2020,41,10
355,355,7653C,CRO.S20P.MACA81,vitogiorgio,0.062,33,2020-10-08,2020,41,10
356,356,7638S.I.,PEL.F20P.MACA86,x.pol.t08,23.043000000000003,1890,2020-10-08,2020,41,10
357,357,6941,PEL.L15.1814,vitogiorgio,0.149,0,2020-10-08,2020,41,10
358,358,7683S.I. PROVA2,PEL.F20P.MACA80,vitogiorgio,7.2,487,2020-10-08,2020,41,10
359,359,7604S.I.,PEL.F20P.MACA86,vitogiorgio,25.65,1785,2020-10-08,2020,41,10
360,360,7604C,CRO.S20P.MACA86,vitogiorgio,18.658,755,2020-10-09,2020,41,10
361,361,7547,PEL.L15.2601,vitogiorgio,0.45399999999999996,0,2020-10-08,2020,41,10
362,362,7644C,CRO.S30.CER910,vitogiorgio,0.223,0,2020-10-09,2020,41,10
363,363,7663S.I.,PEL.F20P.MACA001,vitogiorgio,0.938,388,2020-10-09,2020,41,10
364,364,7663C,CRO.S20P.MACA001,vitogiorgio,0.449,194,2020-10-09,2020,41,10
365,365,7695S.I.,PEL.F20P.MACA540,vitogiorgio,0.953,0,2020-10-09,2020,41,10
366,366,7695C,CRO.S20P.MACA540,vitogiorgio,0.08199999999999999,0,2020-10-09,2020,41,10
367,367,7390,PEL.L15.1814,vitogiorgio,0.757,428,2020-10-09,2020,41,10
368,368,7639S.I.,PEL.F20P.MACA83,vitogiorgio,0.76,438,2020-10-09,2020,41,10
369,369,7552,PEL.F20P.MACA81,x.pol.t22,2.51,342,2020-10-09,2020,41,10
370,370,7667S.I.,PEL.F20P.MACA745,vitogiorgio,0.182,282,2020-10-09,2020,41,10
371,371,7625S.I.,PEL.F20P.MACA007,vitogiorgio,1.369,345,2020-10-09,2020,41,10
372,372,7543,PEL.F30.CER880,nicolagaletta,0.912,141,2020-10-09,2020,41,10
373,373,7378C,CRO.S30.CER880,nicolagaletta,0.836,58,2020-10-09,2020,41,10
374,374,7611,PEL.L15.2616,vitogiorgio,0.467,0,2020-10-09,2020,41,10
375,375,7656S.I.,PEL.F20P.MACA013,vitogiorgio,0.069,0,2020-10-09,2020,41,10
376,376,7654S.I.,PEL.F20P.MACA11,vitogiorgio,0.042,59,2020-10-09,2020,41,10
377,377,7459,PEL.F20P.MACA007,vitogiorgio,0.057999999999999996,0,2020-10-09,2020,41,10
378,378,7390,PEL.L15.1814,vitogiorgio,0.326,0,2020-10-09,2020,41,10
379,379,7592,PEL.L20.2534,vitogiorgio,0.22,0,2020-10-10,2020,41,10
380,380,7389,PEL.L20.2532,vitogiorgio,0.816,0,2020-10-10,2020,41,10
381,381,7463,PEL.L15.2602,vitogiorgio,1.585,290,2020-10-10,2020,41,10
382,382,7692,PEL.F30.CER009,vitogiorgio,0.037000000000000005,0,2020-10-10,2020,41,10
383,383,7521,PEL.L20.2536,vitogiorgio,0.496,0,2020-10-10,2020,41,10
384,384,7502,PEL.F20P.MACA850,vitogiorgio,3.195,0,2020-10-10,2020,41,10
